Region,Pou,Selected_Course,Batch No,Available Seats,From Date,To Date,Batch Time,Pou Name,Course,Open For,Registration Start Date
Central,ALWAR,Advanced (ICITSS) MCS Course,AdvICITSSMCS__ALWAR_2,48,27/02/2026,18/03/2026,10-0-AM to 5-0-PM,ALWAR,Advanced (ICITSS) MCS Course,General,
Central,DEHRADUN,Advanced (ICITSS) MCS Course,AdvICITSSMCS__DEHRADUN_9,49,20/03/2026,10/04/2026,10-0-AM to 5-0-PM,DEHRADUN,Advanced (ICITSS) MCS Course,General,
Central,GautamBudhaNagar,Advanced (ICITSS) MCS Course,AdvICITSSMCS__GautamBudhaNagar_36,37,06/04/2026,23/04/2026,10-0-AM to 5-0-PM,GautamBudhaNagar,Advanced (ICITSS) MCS Course,General,
Central,Haldwani,Advanced (ICITSS) MCS Course,AdvICITSSMCS__Haldwani_3,30,09/03/2026,26/03/2026,11-0-AM to 5-0-PM,Haldwani,Advanced (ICITSS) MCS Course,General,
Central,GHAZIABAD,Advanced (ICITSS) MCS Course,AdvICITSSMCS__GHAZIABAD_14,34,24/02/2026,14/03/2026,10-0-AM to 5-0-PM,GHAZIABAD,Advanced (ICITSS) MCS Course,General,
Central,BIKANER,Advanced (ICITSS) MCS Course,AdvICITSSMCS__BIKANER_16,50,13/03/2026,02/04/2026,10-30-AM to 4-30-PM,BIKANER,Advanced (ICITSS) MCS Course,General,
Central,DHANBAD,Advanced (ICITSS) MCS Course,AdvICITSSMCS__DHANBAD_7,50,30/03/2026,17/04/2026,10-0-AM to 4-0-PM,DHANBAD,Advanced (ICITSS) MCS Course,General,
Central,JAIPUR,Advanced (ICITSS) MCS Course,AdvICITSSMCS__JAIPUR_71,0,10/03/2026,27/03/2026,10-30-AM to 5-0-PM,JAIPUR,Advanced (ICITSS) MCS Course,General,
Central,KANPUR,Advanced (ICITSS) MCS Course,AdvICITSSMCS__KANPUR_13,38,01/04/2026,18/04/2026,10-0-AM to 5-0-PM,KANPUR,Advanced (ICITSS) MCS Course,General,
Central,PATNA,Advanced (ICITSS) MCS Course,AdvICITSSMCS__PATNA_17,29,09/03/2026,25/03/2026,10-0-AM to 4-30-PM,PATNA,Advanced (ICITSS) MCS Course,General,
Central,MEERUT,Advanced (ICITSS) MCS Course,AdvICITSSMCS__MEERUT_12,4,21/02/2026,11/03/2026,10-0-AM to 4-30-PM,MEERUT,Advanced (ICITSS) MCS Course,General,
Central,JABALPUR,Advanced (ICITSS) MCS Course,AdvICITSSMCS__JABALPUR_7,24,23/02/2026,14/03/2026,11-0-AM to 5-0-PM,JABALPUR,Advanced (ICITSS) MCS Course,General,
Central,SIKAR,Advanced (ICITSS) MCS Course,AdvICITSSMCS__SIKAR_7,48,16/03/2026,06/04/2026,10-0-AM to 5-0-PM,SIKAR,Advanced (ICITSS) MCS Course,General,
Central,KOTA,Advanced (ICITSS) MCS Course,AdvICITSSMCS__KOTA_10,48,10/03/2026,25/03/2026,11-0-AM to 5-30-PM,KOTA,Advanced (ICITSS) MCS Course,General,
Central,MUZAFFARNAGAR,Advanced (ICITSS) MCS Course,AdvICITSSMCS__MUZAFFARNAGAR_11,30,02/03/2026,23/03/2026,10-0-AM to 4-0-PM,MUZAFFARNAGAR,Advanced (ICITSS) MCS Course,General,
Eastern,EIRC,Advanced (ICITSS) MCS Course,AdvICITSSMCS__EIRC_109,0,05/03/2026,23/03/2026,7-45-AM to 2-15-PM,EIRC,Advanced (ICITSS) MCS Course,General,
Eastern,EIRC,Advanced (ICITSS) MCS Course,AdvICITSSMCS__EIRC_110,10,05/03/2026,23/03/2026,2-30-PM to 9-0-PM,EIRC,Advanced (ICITSS) MCS Course,General,
Eastern,EIRC,Advanced (ICITSS) MCS Course,AdvICITSSMCS__EIRC_107,37,19/03/2026,08/04/2026,7-45-AM to 2-15-PM,EIRC,Advanced (ICITSS) MCS Course,General,
Central,MATHURA,Advanced (ICITSS) MCS Course,AdvICITSSMCS__MATHURA_7,47,09/03/2026,27/03/2026,10-30-AM to 4-30-PM,MATHURA,Advanced (ICITSS) MCS Course,General,
Eastern,ASANSOL,Advanced (ICITSS) MCS Course,AdvICITSSMCS__ASANSOL_4,50,10/03/2026,28/03/2026,10-30-AM to 5-0-PM,ASANSOL,Advanced (ICITSS) MCS Course,General,
Northern,AMBALA,Advanced (ICITSS) MCS Course,AdvICITSSMCS__AMBALA_7,20,09/03/2026,27/03/2026,10-0-AM to 4-0-PM,AMBALA,Advanced (ICITSS) MCS Course,General,
Central,KISHANGARH,Advanced (ICITSS) MCS Course,AdvICITSSMCS__KISHANGARH_4,49,12/03/2026,31/03/2026,10-0-AM to 4-30-PM,KISHANGARH,Advanced (ICITSS) MCS Course,General,
Northern,Gurugram,Advanced (ICITSS) MCS Course,AdvICITSSMCS__Gurugram_69,35,19/03/2026,05/04/2026,9-0-AM to 3-30-PM,Gurugram,Advanced (ICITSS) MCS Course,General,
Northern,CHANDIGARH,Advanced (ICITSS) MCS Course,AdvICITSSMCS__CHANDIGARH_33,0,09/03/2026,30/03/2026,7-0-AM to 1-0-PM,CHANDIGARH,Advanced (ICITSS) MCS Course,General,
Northern,PATIALA,Advanced (ICITSS) MCS Course,AdvICITSSMCS__PATIALA_7,30,02/03/2026,19/03/2026,10-0-AM to 4-0-PM,PATIALA,Advanced (ICITSS) MCS Course,General,
Southern,ERODE,Advanced (ICITSS) MCS Course,AdvICITSSMCS__ERODE_9,44,02/03/2026,16/03/2026,10-0-AM to 4-0-PM,ERODE,Advanced (ICITSS) MCS Course,General,
Southern,ERNAKULAM,Advanced (ICITSS) MCS Course,AdvICITSSMCS__ERNAKULAM_25,0,09/03/2026,27/03/2026,9-30-AM to 4-30-PM,ERNAKULAM,Advanced (ICITSS) MCS Course,General,
Southern,Chengalpattu,Advanced (ICITSS) MCS Course,AdvICITSSMCS__Chengalpattu_28,19,02/03/2026,18/03/2026,7-0-AM to 1-0-PM,Chengalpattu,Advanced (ICITSS) MCS Course,General,
Southern,Kollam,Advanced (ICITSS) MCS Course,AdvICITSSMCS__Kollam_11,48,09/03/2026,27/03/2026,9-30-AM to 4-30-PM,Kollam,Advanced (ICITSS) MCS Course,General,
Northern,Kurukshetra,Advanced (ICITSS) MCS Course,AdvICITSSMCS__Kurukshetra_2,30,05/05/2026,21/05/2026,9-30-AM to 4-0-PM,Kurukshetra,Advanced (ICITSS) MCS Course,General,
Southern,Mangaluru,Advanced (ICITSS) MCS Course,AdvICITSSMCS__Mangaluru_20,7,23/02/2026,11/03/2026,10-0-AM to 4-30-PM,Mangaluru,Advanced (ICITSS) MCS Course,General,
Southern,BENGALURU,Advanced (ICITSS) MCS Course,AdvICITSSMCS__BENGALURU_135,19,26/02/2026,14/03/2026,7-0-AM to 1-30-PM,BENGALURU,Advanced (ICITSS) MCS Course,General,
Southern,BENGALURU,Advanced (ICITSS) MCS Course,AdvICITSSMCS__BENGALURU_136,0,26/02/2026,14/03/2026,7-0-AM to 1-30-PM,BENGALURU,Advanced (ICITSS) MCS Course,General,
Southern,BENGALURU,Advanced (ICITSS) MCS Course,AdvICITSSMCS__BENGALURU_137,26,26/02/2026,14/03/2026,2-0-PM to 8-30-PM,BENGALURU,Advanced (ICITSS) MCS Course,General,
Southern,CHENNAI,Advanced (ICITSS) MCS Course,AdvICITSSMCS__CHENNAI_110,0,23/02/2026,10/03/2026,7-0-AM to 1-30-PM,CHENNAI,Advanced (ICITSS) MCS Course,General,
Southern,CHENNAI,Advanced (ICITSS) MCS Course,AdvICITSSMCS__CHENNAI_111,0,23/02/2026,10/03/2026,1-45-PM to 8-15-PM,CHENNAI,Advanced (ICITSS) MCS Course,General,
Southern,CHENNAI,Advanced (ICITSS) MCS Course,AdvICITSSMCS__CHENNAI_112,31,27/02/2026,16/03/2026,1-45-PM to 8-15-PM,CHENNAI,Advanced (ICITSS) MCS Course,General,
Northern,HISAR,Advanced (ICITSS) MCS Course,AdvICITSSMCS__HISAR_13,25,09/03/2026,26/03/2026,10-0-AM to 5-0-PM,HISAR,Advanced (ICITSS) MCS Course,General,
Southern,MADURAI,Advanced (ICITSS) MCS Course,AdvICITSSMCS__MADURAI_7,17,04/03/2026,24/03/2026,10-0-AM to 5-0-PM,MADURAI,Advanced (ICITSS) MCS Course,General,
Northern,ROHTAK,Advanced (ICITSS) MCS Course,AdvICITSSMCS__ROHTAK_6,49,05/03/2026,24/03/2026,10-0-AM to 5-0-PM,ROHTAK,Advanced (ICITSS) MCS Course,General,
Southern,Kozhikode,Advanced (ICITSS) MCS Course,AdvICITSSMCS__Kozhikode_41,0,02/03/2026,18/03/2026,10-0-AM to 5-0-PM,Kozhikode,Advanced (ICITSS) MCS Course,General,
Southern,Kozhikode,Advanced (ICITSS) MCS Course,AdvICITSSMCS__Kozhikode_42,0,23/03/2026,10/04/2026,10-0-AM to 5-0-PM,Kozhikode,Advanced (ICITSS) MCS Course,General,
Southern,KANNUR,Advanced (ICITSS) MCS Course,AdvICITSSMCS__KANNUR_18,15,13/03/2026,31/03/2026,10-0-AM to 5-0-PM,KANNUR,Advanced (ICITSS) MCS Course,General,
Southern,Belagavi,Advanced (ICITSS) MCS Course,AdvICITSSMCS__Belagavi_14,24,27/02/2026,18/03/2026,10-30-AM to 5-30-PM,Belagavi,Advanced (ICITSS) MCS Course,General,
Southern,Alappuzha,Advanced (ICITSS) MCS Course,AdvICITSSMCS__Alappuzha_38,20,02/03/2026,18/03/2026,9-30-AM to 4-30-PM,Alappuzha,Advanced (ICITSS) MCS Course,General,
Southern,Alappuzha,Advanced (ICITSS) MCS Course,AdvICITSSMCS__Alappuzha_39,30,12/03/2026,31/03/2026,9-30-AM to 4-30-PM,Alappuzha,Advanced (ICITSS) MCS Course,General,
Southern,Alappuzha,Advanced (ICITSS) MCS Course,AdvICITSSMCS__Alappuzha_40,39,13/05/2026,30/05/2026,9-30-AM to 4-30-PM,Alappuzha,Advanced (ICITSS) MCS Course,General,
Northern,DELHI,Advanced (ICITSS) MCS Course,AdvICITSSMCS__DELHI_174_at Laxmi Nagar,0,23/02/2026,12/03/2026,10-0-AM to 5-0-PM,DELHI,Advanced (ICITSS) MCS Course,General,
Northern,DELHI,Advanced (ICITSS) MCS Course,AdvICITSSMCS__DELHI_175_at Pitampura,0,28/02/2026,20/03/2026,10-0-AM to 5-0-PM,DELHI,Advanced (ICITSS) MCS Course,General,
Northern,DELHI,Advanced (ICITSS) MCS Course,AdvICITSSMCS__DELHI_173_at Vishwas Nagar,0,09/03/2026,27/03/2026,10-0-AM to 5-0-PM,DELHI,Advanced (ICITSS) MCS Course,General,
Southern,Ballari,Advanced (ICITSS) MCS Course,AdvICITSSMCS__Ballari_4,19,10/03/2026,27/03/2026,2-0-PM to 8-0-PM,Ballari,Advanced (ICITSS) MCS Course,General,
Southern,COIMBATORE,Advanced (ICITSS) MCS Course,AdvICITSSMCS__COIMBATORE_30,0,26/02/2026,16/03/2026,10-0-AM to 5-0-PM,COIMBATORE,Advanced (ICITSS) MCS Course,General,
Southern,COIMBATORE,Advanced (ICITSS) MCS Course,AdvICITSSMCS__COIMBATORE_31,46,17/03/2026,31/03/2026,1-0-AM to 1-0-AM,COIMBATORE,Advanced (ICITSS) MCS Course,General,
Southern,HYDERABAD,Advanced (ICITSS) MCS Course,AdvICITSSMCS__HYDERABAD_109,0,02/03/2026,18/03/2026,7-0-AM to 1-30-PM,HYDERABAD,Advanced (ICITSS) MCS Course,General,
Southern,HYDERABAD,Advanced (ICITSS) MCS Course,AdvICITSSMCS__HYDERABAD_110,0,04/03/2026,18/03/2026,7-0-AM to 1-30-PM,HYDERABAD,Advanced (ICITSS) MCS Course,General,
Southern,PUDUCHERRY,Advanced (ICITSS) MCS Course,AdvICITSSMCS__PUDUCHERRY_1,35,02/03/2026,18/03/2026,10-0-AM to 5-0-PM,PUDUCHERRY,Advanced (ICITSS) MCS Course,General,
Southern,VIJAYAWADA,Advanced (ICITSS) MCS Course,AdvICITSSMCS__VIJAYAWADA_19,47,26/02/2026,12/03/2026,7-0-AM to 1-0-PM,VIJAYAWADA,Advanced (ICITSS) MCS Course,General,
Southern,TIRUPATI,Advanced (ICITSS) MCS Course,AdvICITSSMCS__TIRUPATI_33,16,05/03/2026,25/03/2026,7-0-AM to 1-0-PM,TIRUPATI,Advanced (ICITSS) MCS Course,General,
Southern,Thiruvananthapuram,Advanced (ICITSS) MCS Course,AdvICITSSMCS__Thiruvananthapuram_15,32,23/02/2026,14/03/2026,10-0-AM to 5-0-PM,Thiruvananthapuram,Advanced (ICITSS) MCS Course,General,
Southern,VISAKHAPATNAM,Advanced (ICITSS) MCS Course,AdvICITSSMCS__VISAKHAPATNAM_19,45,02/03/2026,18/03/2026,10-0-AM to 5-0-PM,VISAKHAPATNAM,Advanced (ICITSS) MCS Course,General,
Southern,Thrissur,Advanced (ICITSS) MCS Course,AdvICITSSMCS__Thrissur_16,11,09/03/2026,26/03/2026,10-1-PM to 2-5-PM,Thrissur,Advanced (ICITSS) MCS Course,General,
Central,ALWAR,AICITSS - Advanced Information Technology,AICITSSAdvITT__ALWAR_7,20,26/02/2026,17/03/2026,2-0-PM to 8-0-PM,ALWAR,AICITSS - Advanced Information Technology,General,29/11/2025
Central,GautamBudhaNagar,AICITSS - Advanced Information Technology,AICITSSAdvITT__GautamBudhaNagar_32,22,06/03/2026,24/03/2026,10-0-AM to 4-0-PM,GautamBudhaNagar,AICITSS - Advanced Information Technology,General,09/02/2026
Western,AMRAVATI,Advanced (ICITSS) MCS Course,AdvICITSSMCS__AMRAVATI_5,22,21/02/2026,10/03/2026,10-30-AM to 4-30-PM,AMRAVATI,Advanced (ICITSS) MCS Course,General,
Central,JODHPUR,AICITSS - Advanced Information Technology,AICITSSAdvITT__JODHPUR_23,24,23/02/2026,14/03/2026,7-15-AM to 1-15-PM,JODHPUR,AICITSS - Advanced Information Technology,General,23/12/2025
Southern,BENGALURU,Advanced (ICITSS) MCS Course - Weekend,AdvICITSSMCSWkd__BENGALURU_20,29,21/02/2026,10/04/2026,7-0-AM to 1-30-PM,BENGALURU,Advanced (ICITSS) MCS Course - Weekend,General,
Eastern,DURGAPUR,AICITSS - Advanced Information Technology,AICITSSAdvITT__DURGAPUR_3,25,23/02/2026,12/03/2026,10-0-AM to 4-0-PM,DURGAPUR,AICITSS - Advanced Information Technology,General,14/10/2025
Central,GHAZIABAD,AICITSS - Advanced Information Technology,AICITSSAdvITT__GHAZIABAD_44,0,24/02/2026,14/03/2026,8-0-AM to 2-0-PM,GHAZIABAD,AICITSS - Advanced Information Technology,General,
Central,BHILWARA,AICITSS - Advanced Information Technology,AICITSSAdvITT__BHILWARA_17,22,06/03/2026,25/03/2026,11-0-AM to 5-0-PM,BHILWARA,AICITSS - Advanced Information Technology,General,18/11/2025
Western,AHMEDABAD,Advanced (ICITSS) MCS Course,AdvICITSSMCS__AHMEDABAD_95,0,06/03/2026,20/03/2026,7-30-AM to 2-15-PM,AHMEDABAD,Advanced (ICITSS) MCS Course,General,
Western,AHMEDABAD,Advanced (ICITSS) MCS Course,AdvICITSSMCS__AHMEDABAD_96,0,06/03/2026,20/03/2026,2-30-PM to 8-45-PM,AHMEDABAD,Advanced (ICITSS) MCS Course,General,
Western,AHMEDABAD,Advanced (ICITSS) MCS Course,AdvICITSSMCS__AHMEDABAD_97,4,06/03/2026,20/03/2026,7-30-AM to 2-15-PM,AHMEDABAD,Advanced (ICITSS) MCS Course,General,
Eastern,SILIGURI,AICITSS - Advanced Information Technology,AICITSSAdvITT__SILIGURI_14,36,14/03/2026,31/03/2026,10-30-AM to 4-30-PM,SILIGURI,AICITSS - Advanced Information Technology,General,17/02/2026
Eastern,BHUBANESWAR,AICITSS - Advanced Information Technology,AICITSSAdvITT__BHUBANESWAR_20,15,02/03/2026,19/03/2026,2-0-PM to 8-0-PM,BHUBANESWAR,AICITSS - Advanced Information Technology,General,10/02/2026
Northern,DELHI,Advanced (ICITSS) MCS Course - Weekend,Adv.ICITSSMCSWkd_DELHI_35 at Vishwas Nagar,29,22/02/2026,10/04/2026,10-0-AM to 5-0-PM,DELHI,Advanced (ICITSS) MCS Course - Weekend,General,
Central,JABALPUR,AICITSS - Advanced Information Technology,AICITSSAdvITT__JABALPUR_15,10,23/02/2026,14/03/2026,8-0-AM to 2-0-PM,JABALPUR,AICITSS - Advanced Information Technology,General,06/02/2026
Central,JABALPUR,AICITSS - Advanced Information Technology,AICITSSAdvITT__JABALPUR_14,1,16/03/2026,06/04/2026,11-0-AM to 5-0-PM,JABALPUR,AICITSS - Advanced Information Technology,General,28/01/2026
Western,GANDHIDHAM,Advanced (ICITSS) MCS Course,AdvICITSSMCS__GANDHIDHAM_8,41,23/02/2026,10/03/2026,10-0-AM to 4-30-PM,GANDHIDHAM,Advanced (ICITSS) MCS Course,General,
Central,GWALIOR,AICITSS - Advanced Information Technology,AICITSSAdvITT__GWALIOR_7,17,24/03/2026,14/04/2026,11-0-AM to 5-0-PM,GWALIOR,AICITSS - Advanced Information Technology,General,05/02/2026
Central,JAIPUR,AICITSS - Advanced Information Technology,AICITSSAdvITT__JAIPUR_81,0,10/03/2026,28/03/2026,10-30-AM to 4-30-PM,JAIPUR,AICITSS - Advanced Information Technology,General,
Central,JAIPUR,AICITSS - Advanced Information Technology,AICITSSAdvITT__JAIPUR_82,0,30/03/2026,18/04/2026,10-30-AM to 4-30-PM,JAIPUR,AICITSS - Advanced Information Technology,General,
Eastern,ROURKELA,AICITSS - Advanced Information Technology,AICITSSAdvITT__ROURKELA_8,12,09/03/2026,25/03/2026,10-0-AM to 4-0-PM,ROURKELA,AICITSS - Advanced Information Technology,General,05/02/2026
Eastern,KOLKATA,AICITSS - Advanced Information Technology,AICITSSAdvITT__KOLKATA_133,3,06/03/2026,24/03/2026,8-0-AM to 2-0-PM,KOLKATA,AICITSS - Advanced Information Technology,General,07/02/2026
Eastern,KOLKATA,AICITSS - Advanced Information Technology,AICITSSAdvITT__KOLKATA_134,26,26/03/2026,13/04/2026,8-0-AM to 2-0-PM,KOLKATA,AICITSS - Advanced Information Technology,General,17/02/2026
Central,AGRA,ICITSS - Information Technology,ICITSSITT__AGRA_29,0,02/03/2026,19/03/2026,11-0-AM to 5-0-PM,AGRA,ICITSS - Information Technology,General,
Northern,CHANDIGARH,AICITSS - Advanced Information Technology,AICITSSAdvITT__CHANDIGARH_36,5,09/03/2026,30/03/2026,7-0-AM to 1-0-PM,CHANDIGARH,AICITSS - Advanced Information Technology,General,11/02/2026
Northern,SONEPAT,AICITSS - Advanced Information Technology,AICITSSAdvITT__SONEPAT_7,16,02/03/2026,19/03/2026,10-0-AM to 4-0-PM,SONEPAT,AICITSS - Advanced Information Technology,General,17/02/2026
Central,AJMER,ICITSS - Information Technology,ICITSSITT__AJMER_27,0,23/02/2026,14/03/2026,9-0-AM to 3-0-PM,AJMER,ICITSS - Information Technology,General,
Central,BILASPUR,ICITSS - Information Technology,ICITSSITT__BILASPUR_27,0,23/02/2026,14/03/2026,11-0-AM to 5-0-PM,BILASPUR,ICITSS - Information Technology,General,
Central,BEAWAR,ICITSS - Information Technology,ICITSSITT__BEAWAR_18,8,12/03/2026,26/03/2026,2-0-PM to 8-0-PM,BEAWAR,ICITSS - Information Technology,General,31/12/2025
Northern,Gurugram,AICITSS - Advanced Information Technology,AICITSSAdvITT__Gurugram_57,0,02/03/2026,18/03/2026,9-0-AM to 3-0-PM,Gurugram,AICITSS - Advanced Information Technology,General,
Central,PALI,AICITSS - Advanced Information Technology,AICITSSAdvITT__PALI_3,20,10/03/2026,27/03/2026,10-30-AM to 4-30-PM,PALI,AICITSS - Advanced Information Technology,General,12/08/2025
Southern,Kollam,AICITSS - Advanced Information Technology,AICITSSAdvITT__Kollam_24,6,28/02/2026,18/03/2026,12-30-PM to 6-30-PM,Kollam,AICITSS - Advanced Information Technology,General,18/11/2025
Central,SAHARANPUR,AICITSS - Advanced Information Technology,AICITSSAdvITT__SAHARANPUR_6,14,09/03/2026,27/03/2026,10-0-AM to 4-0-PM,SAHARANPUR,AICITSS - Advanced Information Technology,General,05/11/2024
Northern,PATIALA,AICITSS - Advanced Information Technology,AICITSSAdvITT__PATIALA_9,21,24/03/2026,13/04/2026,10-0-AM to 4-0-PM,PATIALA,AICITSS - Advanced Information Technology,General,25/11/2025
Central,KISHANGARH,AICITSS - Advanced Information Technology,AICITSSAdvITT__KISHANGARH_12,17,06/03/2026,25/03/2026,10-0-AM to 4-0-PM,KISHANGARH,AICITSS - Advanced Information Technology,General,01/12/2025
Northern,FARIDABAD,AICITSS - Advanced Information Technology,AICITSSAdvITT__FARIDABAD_53,0,06/03/2026,24/03/2026,9-0-AM to 3-0-PM,FARIDABAD,AICITSS - Advanced Information Technology,General,
Central,ALWAR,ICITSS - Information Technology,ICITSSITT__ALWAR_17,18,04/03/2026,23/03/2026,2-0-PM to 8-0-PM,ALWAR,ICITSS - Information Technology,General,27/01/2026
Central,HARIDWAR,AICITSS - Advanced Information Technology,AICITSSAdvITT__HARIDWAR_1,18,15/03/2026,31/03/2026,10-0-AM to 4-0-PM,HARIDWAR,AICITSS - Advanced Information Technology,General,16/02/2026
Central,MEERUT,AICITSS - Advanced Information Technology,AICITSSAdvITT__MEERUT_11,5,12/03/2026,30/03/2026,10-0-AM to 4-0-PM,MEERUT,AICITSS - Advanced Information Technology,General,28/11/2025
Central,VARANASI,AICITSS - Advanced Information Technology,AICITSSAdvITT__VARANASI_16,21,25/02/2026,14/03/2026,11-0-AM to 5-0-PM,VARANASI,AICITSS - Advanced Information Technology,General,08/01/2026
Northern,BHIWANI,AICITSS - Advanced Information Technology,AICITSSAdvITT__BHIWANI_10,10,06/04/2026,25/04/2026,10-0-AM to 4-0-PM,BHIWANI,AICITSS - Advanced Information Technology,General,12/01/2026
Northern,REWARI,AICITSS - Advanced Information Technology,AICITSSAdvITT__REWARI_6,17,09/03/2026,26/03/2026,10-0-AM to 4-0-PM,REWARI,AICITSS - Advanced Information Technology,General,10/02/2026
Southern,ERNAKULAM,AICITSS - Advanced Information Technology,AICITSSAdvITT__ERNAKULAM_36,29,09/03/2026,30/03/2026,7-30-AM to 1-30-PM,ERNAKULAM,AICITSS - Advanced Information Technology,General,16/01/2026
Central,SIKAR,ICITSS - Information Technology,ICITSSITT__SIKAR_25,0,23/02/2026,14/03/2026,10-0-AM to 4-0-PM,SIKAR,ICITSS - Information Technology,General,
Central,SIKAR,ICITSS - Information Technology,ICITSSITT__SIKAR_26,2,16/03/2026,06/04/2026,10-0-AM to 4-0-PM,SIKAR,ICITSS - Information Technology,General,12/02/2026
Southern,CHENNAI,AICITSS - Advanced Information Technology,AICITSSAdvITT__CHENNAI_123,0,06/03/2026,23/03/2026,7-30-AM to 1-30-PM,CHENNAI,AICITSS - Advanced Information Technology,General,
Southern,CHENNAI,AICITSS - Advanced Information Technology,AICITSSAdvITT__CHENNAI_124,0,06/03/2026,23/03/2026,1-45-PM to 7-45-PM,CHENNAI,AICITSS - Advanced Information Technology,General,
Central,GautamBudhaNagar,ICITSS - Information Technology,ICITSSITT__GautamBudhaNagar_42,0,06/03/2026,24/03/2026,10-0-AM to 4-0-PM,GautamBudhaNagar,ICITSS - Information Technology,General,
Southern,Anantapur,AICITSS - Advanced Information Technology,AICITSSAdvITT__Anantapur_21,5,26/02/2026,14/03/2026,1-15-PM to 7-15-PM,Anantapur,AICITSS - Advanced Information Technology,General,09/12/2025
Central,BIKANER,ICITSS - Information Technology,ICITSSITT__BIKANER_20,5,13/03/2026,02/04/2026,10-30-AM to 4-30-PM,BIKANER,ICITSS - Information Technology,General,01/01/2026
Central,JODHPUR,ICITSS - Information Technology,ICITSSITT__JODHPUR_36,27,09/03/2026,25/03/2026,9-0-AM to 3-0-PM,JODHPUR,ICITSS - Information Technology,General,18/02/2026
Southern,BENGALURU,AICITSS - Advanced Information Technology,AICITSSAdvITT__BENGALURU_120,0,27/02/2026,17/03/2026,8-0-AM to 2-0-PM,BENGALURU,AICITSS - Advanced Information Technology,General,
Southern,BENGALURU,AICITSS - Advanced Information Technology,AICITSSAdvITT__BENGALURU_121,6,27/02/2026,17/03/2026,2-0-PM to 8-0-PM,BENGALURU,AICITSS - Advanced Information Technology,General,16/02/2026
Central,DEHRADUN,ICITSS - Information Technology,ICITSSITT__DEHRADUN_16,10,20/03/2026,10/04/2026,10-0-AM to 4-0-PM,DEHRADUN,ICITSS - Information Technology,General,17/02/2026
Northern,PANIPAT,AICITSS - Advanced Information Technology,AICITSSAdvITT__PANIPAT_11,24,09/03/2026,27/03/2026,10-0-AM to 4-0-PM,PANIPAT,AICITSS - Advanced Information Technology,General,19/02/2026
Southern,Chengalpattu,AICITSS - Advanced Information Technology,AICITSSAdvITT__Chengalpattu_45,0,02/03/2026,18/03/2026,7-0-AM to 1-0-PM,Chengalpattu,AICITSS - Advanced Information Technology,General,
Southern,Kozhikode,AICITSS - Advanced Information Technology,AICITSSAdvITT__Kozhikode_48,0,02/03/2026,18/03/2026,10-0-AM to 4-0-PM,Kozhikode,AICITSS - Advanced Information Technology,General,
Southern,Kozhikode,AICITSS - Advanced Information Technology,AICITSSAdvITT__Kozhikode_49,6,23/03/2026,10/04/2026,10-0-AM to 4-0-PM,Kozhikode,AICITSS - Advanced Information Technology,General,27/01/2026
Northern,LUDHIANA,AICITSS - Advanced Information Technology,AICITSSAdvITT__LUDHIANA_19,22,23/03/2026,13/04/2026,10-0-AM to 4-0-PM,LUDHIANA,AICITSS - Advanced Information Technology,General,21/11/2025
Southern,KANNUR,AICITSS - Advanced Information Technology,AICITSSAdvITT__KANNUR_24,19,06/04/2026,24/04/2026,10-30-AM to 4-30-PM,KANNUR,AICITSS - Advanced Information Technology,General,29/12/2025
Central,BHOPAL,ICITSS - Information Technology,ICITSSITT__BHOPAL_36,0,03/03/2026,20/03/2026,2-0-PM to 8-0-PM,BHOPAL,ICITSS - Information Technology,General,
Eastern,SILIGURI,ICITSS - Information Technology,ICITSSITT__SILIGURI_20,0,23/02/2026,11/03/2026,10-30-AM to 4-30-PM,SILIGURI,ICITSS - Information Technology,General,
Southern,HYDERABAD,AICITSS - Advanced Information Technology,AICITSSAdvITT__HYDERABAD_113,0,28/02/2026,15/03/2026,7-0-AM to 1-0-PM,HYDERABAD,AICITSS - Advanced Information Technology,General,
Southern,HYDERABAD,AICITSS - Advanced Information Technology,AICITSSAdvITT__HYDERABAD_114,0,28/02/2026,15/03/2026,7-0-AM to 1-0-PM,HYDERABAD,AICITSS - Advanced Information Technology,General,
Southern,KOTTAYAM,AICITSS - Advanced Information Technology,AICITSSAdvITT__KOTTAYAM_12,25,09/03/2026,28/03/2026,10-0-AM to 4-0-PM,KOTTAYAM,AICITSS - Advanced Information Technology,General,10/11/2025
Central,GHAZIABAD,ICITSS - Information Technology,ICITSSITT__GHAZIABAD_70,0,02/03/2026,20/03/2026,8-0-AM to 2-0-PM,GHAZIABAD,ICITSS - Information Technology,General,
Central,GHAZIABAD,ICITSS - Information Technology,ICITSSITT__GHAZIABAD_71,26,02/03/2026,20/03/2026,2-0-PM to 8-0-PM,GHAZIABAD,ICITSS - Information Technology,General,14/02/2026
Northern,DELHI,AICITSS - Advanced Information Technology,AICITSSAdvITT__DELHI_235_at Vishwas Nagar,0,28/02/2026,20/03/2026,7-30-AM to 1-30-PM,DELHI,AICITSS - Advanced Information Technology,General,
Northern,DELHI,AICITSS - Advanced Information Technology,AICITSSAdvITT__DELHI_236_at Prashant Vihar,0,09/03/2026,26/03/2026,7-30-AM to 1-30-PM,DELHI,AICITSS - Advanced Information Technology,General,
Southern,Alappuzha,AICITSS - Advanced Information Technology,AICITSSAdvITT__Alappuzha_21,12,25/03/2026,13/04/2026,10-0-AM to 4-0-PM,Alappuzha,AICITSS - Advanced Information Technology,General,26/12/2025
Central,BHILWARA,ICITSS - Information Technology,ICITSSITT__BHILWARA_27,0,23/02/2026,14/03/2026,11-0-AM to 5-0-PM,BHILWARA,ICITSS - Information Technology,General,
Central,JABALPUR,ICITSS - Information Technology,ICITSSITT__JABALPUR_18,0,23/02/2026,14/03/2026,2-0-PM to 8-0-PM,JABALPUR,ICITSS - Information Technology,General,
Northern,CHANDIGARH,ICITSS - Information Technology,ICITSSITT__CHANDIGARH_50,0,09/03/2026,30/03/2026,1-0-PM to 7-0-PM,CHANDIGARH,ICITSS - Information Technology,General,
Southern,Ballari,AICITSS - Advanced Information Technology,AICITSSAdvITT__Ballari_6,20,19/03/2026,04/04/2026,8-0-AM to 2-0-PM,Ballari,AICITSS - Advanced Information Technology,General,18/09/2025
Central,GWALIOR,ICITSS - Information Technology,ICITSSITT__GWALIOR_16,0,24/02/2026,20/03/2026,11-0-AM to 5-0-PM,GWALIOR,ICITSS - Information Technology,General,
Southern,COIMBATORE,AICITSS - Advanced Information Technology,AICITSSAdvITT__COIMBATORE_27,0,17/03/2026,31/03/2026,10-0-AM to 4-0-PM,COIMBATORE,AICITSS - Advanced Information Technology,General,
Southern,COIMBATORE,AICITSS - Advanced Information Technology,AICITSSAdvITT__COIMBATORE_28,40,01/04/2026,18/04/2026,10-0-AM to 4-0-PM,COIMBATORE,AICITSS - Advanced Information Technology,General,05/02/2026
Eastern,KOLKATA,ICITSS - Information Technology,ICITSSITT__KOLKATA_196,0,06/03/2026,24/03/2026,2-30-PM to 8-30-PM,KOLKATA,ICITSS - Information Technology,General,
Eastern,KOLKATA,ICITSS - Information Technology,ICITSSITT__KOLKATA_197,0,06/03/2026,24/03/2026,8-0-AM to 2-0-PM,KOLKATA,ICITSS - Information Technology,General,
Eastern,KOLKATA,ICITSS - Information Technology,ICITSSITT__KOLKATA_198,2,06/03/2026,24/03/2026,2-30-PM to 8-30-PM,KOLKATA,ICITSS - Information Technology,General,02/02/2026
Eastern,KOLKATA,ICITSS - Information Technology,ICITSSITT__KOLKATA_202,30,06/03/2026,24/03/2026,8-0-AM to 2-0-PM,KOLKATA,ICITSS - Information Technology,General,19/02/2026
Eastern,KOLKATA,ICITSS - Information Technology,ICITSSITT__KOLKATA_199,15,26/03/2026,13/04/2026,2-30-PM to 8-30-PM,KOLKATA,ICITSS - Information Technology,General,12/02/2026
Eastern,KOLKATA,ICITSS - Information Technology,ICITSSITT__KOLKATA_200,27,26/03/2026,13/04/2026,8-0-AM to 2-0-PM,KOLKATA,ICITSS - Information Technology,General,12/02/2026
Eastern,KOLKATA,ICITSS - Information Technology,ICITSSITT__KOLKATA_201,39,26/03/2026,13/04/2026,2-30-PM to 8-30-PM,KOLKATA,ICITSS - Information Technology,General,12/02/2026
Eastern,ROURKELA,ICITSS - Information Technology,ICITSSITT__ROURKELA_10,12,09/03/2026,25/03/2026,10-0-AM to 4-0-PM,ROURKELA,ICITSS - Information Technology,General,05/02/2026
Southern,VIJAYAWADA,AICITSS - Advanced Information Technology,AICITSSAdvITT__VIJAYAWADA_29,38,02/03/2026,18/03/2026,6-30-AM to 12-30-PM,VIJAYAWADA,AICITSS - Advanced Information Technology,General,02/02/2026
Central,RANCHI,ICITSS - Information Technology,ICITSSITT__RANCHI_47,14,13/03/2026,04/04/2026,7-30-AM to 1-30-PM,RANCHI,ICITSS - Information Technology,General,08/02/2026
Central,JAIPUR,ICITSS - Information Technology,ICITSSITT__JAIPUR_112,0,24/02/2026,16/03/2026,10-30-AM to 4-30-PM,JAIPUR,ICITSS - Information Technology,General,
Central,JAIPUR,ICITSS - Information Technology,ICITSSITT__JAIPUR_113,0,26/02/2026,18/03/2026,10-30-AM to 4-30-PM,JAIPUR,ICITSS - Information Technology,General,
Central,JAIPUR,ICITSS - Information Technology,ICITSSITT__JAIPUR_114,0,28/02/2026,20/03/2026,10-30-AM to 4-30-PM,JAIPUR,ICITSS - Information Technology,General,
Central,PATNA,ICITSS - Information Technology,ICITSSITT__PATNA_39,3,24/02/2026,14/03/2026,9-30-AM to 3-30-PM,PATNA,ICITSS - Information Technology,General,06/02/2026
Southern,Palakkad,AICITSS - Advanced Information Technology,AICITSSAdvITT__Palakkad_9,7,11/03/2026,28/03/2026,10-0-AM to 4-0-PM,Palakkad,AICITSS - Advanced Information Technology,General,14/07/2025
Northern,PATIALA,ICITSS - Information Technology,ICITSSITT__PATIALA_61,0,03/03/2026,20/03/2026,10-0-AM to 4-0-PM,PATIALA,ICITSS - Information Technology,General,
Southern,TIRUPATI,AICITSS - Advanced Information Technology,AICITSSAdvITT__TIRUPATI_32,18,05/03/2026,25/03/2026,2-0-PM to 8-0-PM,TIRUPATI,AICITSS - Advanced Information Technology,General,13/02/2026
Central,KOTA,ICITSS - Information Technology,ICITSSITT__KOTA_25,30,25/02/2026,14/03/2026,11-0-AM to 5-0-PM,KOTA,ICITSS - Information Technology,General,23/01/2026
Southern,Thiruvananthapuram,AICITSS - Advanced Information Technology,AICITSSAdvITT__Thiruvananthapuram_20,31,09/03/2026,28/03/2026,2-0-PM to 8-0-PM,Thiruvananthapuram,AICITSS - Advanced Information Technology,General,29/01/2026
Northern,Gurugram,ICITSS - Information Technology,ICITSSITT__Gurugram_51,0,24/02/2026,13/03/2026,9-0-AM to 3-0-PM,Gurugram,ICITSS - Information Technology,General,
Northern,Gurugram,ICITSS - Information Technology,ICITSSITT__Gurugram_52,27,14/03/2026,02/04/2026,9-0-AM to 3-0-PM,Gurugram,ICITSS - Information Technology,General,07/02/2026
Northern,Gurugram,ICITSS - Information Technology,ICITSSITT__Gurugram_53,45,19/03/2026,08/04/2026,9-0-AM to 3-0-PM,Gurugram,ICITSS - Information Technology,General,14/02/2026
Central,KANPUR,ICITSS - Information Technology,ICITSSITT__KANPUR_18,0,09/03/2026,31/03/2026,10-0-AM to 4-0-PM,KANPUR,ICITSS - Information Technology,General,
Central,BILASPUR,ICITSS - Orientation Course,ICITSSOC__BILASPUR_24,0,23/02/2026,14/03/2026,11-0-AM to 5-0-PM,BILASPUR,ICITSS - Orientation Course,General,
Eastern,SAMBALPUR,ICITSS - Information Technology,ICITSSITT__SAMBALPUR_14,8,16/03/2026,04/04/2026,10-0-AM to 4-0-PM,SAMBALPUR,ICITSS - Information Technology,General,17/01/2026
Northern,AMBALA,ICITSS - Information Technology,ICITSSITT__AMBALA_15,7,09/03/2026,27/03/2026,10-0-AM to 4-0-PM,AMBALA,ICITSS - Information Technology,General,16/02/2026
Southern,Kollam,ICITSS - Information Technology,ICITSSITT__Kollam_33,18,09/03/2026,27/03/2026,8-0-AM to 2-0-PM,Kollam,ICITSS - Information Technology,General,10/12/2025
Central,UDAIPUR,ICITSS - Information Technology,ICITSSITT__UDAIPUR_27,0,23/02/2026,14/03/2026,8-0-AM to 2-0-PM,UDAIPUR,ICITSS - Information Technology,General,
Western,AURANGABAD,AICITSS - Advanced Information Technology,AICITSSAdvITT__AURANGABAD_14,0,06/03/2026,23/03/2026,8-0-AM to 2-0-PM,AURANGABAD,AICITSS - Advanced Information Technology,General,
Northern,FARIDABAD,ICITSS - Information Technology,ICITSSITT__FARIDABAD_75,0,06/03/2026,24/03/2026,8-0-AM to 2-0-PM,FARIDABAD,ICITSS - Information Technology,General,
Southern,ERODE,ICITSS - Information Technology,ICITSSITT__ERODE_38,0,11/03/2026,25/03/2026,10-0-AM to 4-0-PM,ERODE,ICITSS - Information Technology,General,
Southern,ERODE,ICITSS - Information Technology,ICITSSITT__ERODE_39,19,11/03/2026,25/03/2026,10-0-AM to 4-0-PM,ERODE,ICITSS - Information Technology,General,09/02/2026
Southern,TIRUPUR,AICITSS - Advanced Information Technology,AICITSSAdvITT__TIRUPUR_12,5,04/04/2026,18/04/2026,10-0-AM to 4-0-PM,TIRUPUR,AICITSS - Advanced Information Technology,General,09/02/2026
Eastern,ASANSOL,ICITSS - Information Technology,ICITSSITT__ASANSOL_9,19,24/03/2026,12/04/2026,10-15-AM to 4-15-PM,ASANSOL,ICITSS - Information Technology,General,17/02/2026
Central,SRIGANGANAGAR,ICITSS - Information Technology,ICITSSITT__SRIGANGANAGAR_12,0,02/03/2026,19/03/2026,12-0-PM to 6-0-PM,SRIGANGANAGAR,ICITSS - Information Technology,General,
Central,ALWAR,ICITSS - Orientation Course,ICITSSOC__ALWAR_7,46,16/03/2026,07/04/2026,10-0-PM to 5-0-PM,ALWAR,ICITSS - Orientation Course,General,
Central,DHANBAD,ICITSS - Orientation Course,ICITSSOC__DHANBAD_14,48,10/03/2026,28/03/2026,10-0-AM to 4-0-PM,DHANBAD,ICITSS - Orientation Course,General,
Northern,REWARI,ICITSS - Information Technology,ICITSSITT__REWARI_34,9,09/03/2026,26/03/2026,10-0-AM to 4-0-PM,REWARI,ICITSS - Information Technology,General,19/01/2026
Central,MATHURA,ICITSS - Information Technology,ICITSSITT__MATHURA_12,0,09/03/2026,27/03/2026,10-30-AM to 4-30-PM,MATHURA,ICITSS - Information Technology,General,
Northern,HISAR,ICITSS - Information Technology,ICITSSITT__HISAR_51,0,23/02/2026,13/03/2026,7-0-AM to 1-0-PM,HISAR,ICITSS - Information Technology,General,
Northern,HISAR,ICITSS - Information Technology,ICITSSITT__HISAR_52,0,23/02/2026,13/03/2026,1-30-PM to 7-30-PM,HISAR,ICITSS - Information Technology,General,
Northern,BHIWANI,ICITSS - Information Technology,ICITSSITT__BHIWANI_18,0,23/02/2026,14/03/2026,10-0-AM to 4-0-PM,BHIWANI,ICITSS - Information Technology,General,
Northern,BHIWANI,ICITSS - Information Technology,ICITSSITT__BHIWANI_19,1,16/03/2026,03/04/2026,10-0-AM to 4-0-PM,BHIWANI,ICITSS - Information Technology,General,05/01/2026
Southern,MADURAI,ICITSS - Information Technology,ICITSSITT__MADURAI_12,0,24/02/2026,14/03/2026,10-0-AM to 4-0-PM,MADURAI,ICITSS - Information Technology,General,
Southern,VELLORE,AICITSS - Advanced Information Technology,AICITSSAdvITT__VELLORE_33,5,04/03/2026,20/03/2026,10-0-AM to 4-0-PM,VELLORE,AICITSS - Advanced Information Technology,General,16/12/2025
Southern,ERNAKULAM,ICITSS - Information Technology,ICITSSITT__ERNAKULAM_33,26,10/03/2026,01/04/2026,12-30-PM to 6-30-PM,ERNAKULAM,ICITSS - Information Technology,General,16/01/2026
Central,MEERUT,ICITSS - Information Technology,ICITSSITT__MEERUT_22,2,21/02/2026,11/03/2026,10-0-AM to 4-0-PM,MEERUT,ICITSS - Information Technology,General,21/11/2025
Central,MEERUT,ICITSS - Information Technology,ICITSSITT__MEERUT_23,30,01/04/2026,18/04/2026,10-0-AM to 4-0-PM,MEERUT,ICITSS - Information Technology,General,23/12/2025
Central,CHITTORGARH,ICITSS - Orientation Course,ICITSSOC__CHITTORGARH_11,26,25/02/2026,16/03/2026,10-30-AM to 5-30-PM,CHITTORGARH,ICITSS - Orientation Course,General,
Central,SIKAR,ICITSS - Orientation Course,ICITSSOC__SIKAR_16,40,23/02/2026,14/03/2026,10-0-AM to 5-0-PM,SIKAR,ICITSS - Orientation Course,General,
Central,Haldwani,ICITSS - Orientation Course,ICITSSOC__Haldwani_6,26,09/03/2026,25/03/2026,11-0-AM to 5-0-PM,Haldwani,ICITSS - Orientation Course,General,
Northern,HIMACHAL PRADESH,ICITSS - Information Technology,ICITSSITT__HIMACHAL PRADESH_1,2,05/03/2026,21/03/2026,10-0-AM to 4-0-PM,HIMACHAL PRADESH,ICITSS - Information Technology,General,10/02/2025
Northern,Bhatinda,ICITSS - Information Technology,ICITSSITT__Bhatinda_31,0,10/03/2026,26/03/2026,10-0-AM to 4-0-PM,Bhatinda,ICITSS - Information Technology,General,
Central,GautamBudhaNagar,ICITSS - Orientation Course,ICITSSOC__GautamBudhaNagar_41,39,06/04/2026,23/04/2026,10-0-AM to 5-0-PM,GautamBudhaNagar,ICITSS - Orientation Course,General,
Central,JODHPUR,ICITSS - Orientation Course,ICITSSOC__JODHPUR_30,30,06/03/2026,22/03/2026,10-0-AM to 4-30-PM,JODHPUR,ICITSS - Orientation Course,General,
Western,DHULE,AICITSS - Advanced Information Technology,AICITSSAdvITT__DHULE_4,16,04/03/2026,18/03/2026,8-0-AM to 2-0-PM,DHULE,AICITSS - Advanced Information Technology,General,19/02/2026
Northern,LUDHIANA,ICITSS - Information Technology,ICITSSITT__LUDHIANA_27,0,27/02/2026,17/03/2026,10-0-AM to 4-0-PM,LUDHIANA,ICITSS - Information Technology,General,
Southern,CHENNAI,ICITSS - Information Technology,ICITSSITT__CHENNAI_119,0,06/03/2026,23/03/2026,7-30-AM to 1-30-PM,CHENNAI,ICITSS - Information Technology,General,
Southern,CHENNAI,ICITSS - Information Technology,ICITSSITT__CHENNAI_120,0,06/03/2026,23/03/2026,1-45-PM to 7-45-PM,CHENNAI,ICITSS - Information Technology,General,
Southern,CHENNAI,ICITSS - Information Technology,ICITSSITT__CHENNAI_121,0,06/03/2026,23/03/2026,7-30-AM to 1-30-PM,CHENNAI,ICITSS - Information Technology,General,
Southern,CHENNAI,ICITSS - Information Technology,ICITSSITT__CHENNAI_122,0,06/03/2026,23/03/2026,1-45-PM to 7-45-PM,CHENNAI,ICITSS - Information Technology,General,
Southern,Mangaluru,ICITSS - Information Technology,ICITSSITT__Mangaluru_40,0,23/02/2026,11/03/2026,10-0-AM to 4-0-PM,Mangaluru,ICITSS - Information Technology,General,
Southern,Mangaluru,ICITSS - Information Technology,ICITSSITT__Mangaluru_41,4,23/02/2026,11/03/2026,10-0-AM to 4-0-PM,Mangaluru,ICITSS - Information Technology,General,13/02/2026
Southern,Chengalpattu,ICITSS - Information Technology,ICITSSITT__Chengalpattu_43,0,02/03/2026,18/03/2026,1-30-PM to 7-30-PM,Chengalpattu,ICITSS - Information Technology,General,
Southern,Belagavi,ICITSS - Information Technology,ICITSSITT__Belagavi_26,0,27/02/2026,18/03/2026,1-0-PM to 7-0-PM,Belagavi,ICITSS - Information Technology,General,
Eastern,BHUBANESWAR,ICITSS - Orientation Course,ICITSSOC__BHUBANESWAR_23,39,23/02/2026,11/03/2026,10-0-AM to 5-0-PM,BHUBANESWAR,ICITSS - Orientation Course,General,
Eastern,DURGAPUR,ICITSS - Orientation Course,ICITSSOC__DURGAPUR_6,35,21/02/2026,12/03/2026,10-0-AM to 5-0-PM,DURGAPUR,ICITSS - Orientation Course,General,
Central,GHAZIABAD,ICITSS - Orientation Course,ICITSSOC__GHAZIABAD_35,42,02/03/2026,20/03/2026,10-0-AM to 5-0-PM,GHAZIABAD,ICITSS - Orientation Course,General,
Southern,KANNUR,ICITSS - Information Technology,ICITSSITT__KANNUR_21,0,12/03/2026,31/03/2026,10-30-AM to 4-30-PM,KANNUR,ICITSS - Information Technology,General,
Southern,Mysuru,ICITSS - Information Technology,ICITSSITT__Mysuru_10,0,03/03/2026,20/03/2026,10-30-AM to 4-30-PM,Mysuru,ICITSS - Information Technology,General,
Southern,HYDERABAD,ICITSS - Information Technology,ICITSSITT__HYDERABAD_126,0,28/02/2026,15/03/2026,7-0-AM to 1-0-PM,HYDERABAD,ICITSS - Information Technology,General,
Southern,HYDERABAD,ICITSS - Information Technology,ICITSSITT__HYDERABAD_127,30,28/02/2026,15/03/2026,2-0-PM to 8-0-PM,HYDERABAD,ICITSS - Information Technology,General,13/02/2026
Central,BHOPAL,ICITSS - Orientation Course,ICITSSOC__BHOPAL_27,45,05/03/2026,21/03/2026,10-0-AM to 5-0-PM,BHOPAL,ICITSS - Orientation Course,General,
Northern,DELHI,ICITSS - Information Technology,ICITSSITT__DELHI_306_at Priyadarshani Vihar,0,23/02/2026,14/03/2026,2-0-PM to 8-0-PM,DELHI,ICITSS - Information Technology,General,
Northern,DELHI,ICITSS - Information Technology,ICITSSITT__DELHI_307_at Laxmi Nagar,0,24/02/2026,17/03/2026,2-0-PM to 8-0-PM,DELHI,ICITSS - Information Technology,General,
Northern,DELHI,ICITSS - Information Technology,ICITSSITT__DELHI_302_at Vishwas Nagar,0,27/02/2026,19/03/2026,2-0-PM to 8-0-PM,DELHI,ICITSS - Information Technology,General,
Northern,DELHI,ICITSS - Information Technology,ICITSSITT__DELHI_308_at Prashant Vihar,0,06/03/2026,24/03/2026,7-45-AM to 1-45-PM,DELHI,ICITSS - Information Technology,General,
Northern,DELHI,ICITSS - Information Technology,ICITSSITT__DELHI_309_at Prashant Vihar,0,11/03/2026,27/03/2026,2-0-PM to 8-0-PM,DELHI,ICITSS - Information Technology,General,
Northern,DELHI,ICITSS - Information Technology,ICITSSITT__DELHI_310_at Vishwas Nagar,0,23/03/2026,09/04/2026,2-0-PM to 8-0-PM,DELHI,ICITSS - Information Technology,General,
Western,AHMEDABAD,AICITSS - Advanced Information Technology,AICITSSAdvITT__AHMEDABAD_112,0,06/03/2026,20/03/2026,7-30-AM to 1-30-PM,AHMEDABAD,AICITSS - Advanced Information Technology,General,
Western,AHMEDABAD,AICITSS - Advanced Information Technology,AICITSSAdvITT__AHMEDABAD_113,18,06/03/2026,20/03/2026,2-30-PM to 8-30-PM,AHMEDABAD,AICITSS - Advanced Information Technology,General,16/02/2026
Northern,JALANDHAR,ICITSS - Information Technology,ICITSSITT__JALANDHAR_19,11,07/03/2026,24/03/2026,10-0-AM to 4-0-PM,JALANDHAR,ICITSS - Information Technology,General,17/02/2026
Central,GORAKHPUR,ICITSS - Orientation Course,ICITSSOC__GORAKHPUR_7,33,23/02/2026,12/03/2026,11-0-AM to 5-0-PM,GORAKHPUR,ICITSS - Orientation Course,General,
Southern,KUMBAKONAM,ICITSS - Information Technology,ICITSSITT__KUMBAKONAM_16,0,25/02/2026,17/03/2026,10-0-AM to 4-0-PM,KUMBAKONAM,ICITSS - Information Technology,General,
Southern,Kozhikode,ICITSS - Information Technology,ICITSSITT__Kozhikode_39,1,02/03/2026,18/03/2026,10-0-AM to 4-0-PM,Kozhikode,ICITSS - Information Technology,General,10/11/2025
Southern,Kozhikode,ICITSS - Information Technology,ICITSSITT__Kozhikode_42,0,23/03/2026,10/04/2026,10-0-AM to 4-0-PM,Kozhikode,ICITSS - Information Technology,General,
Southern,BENGALURU,ICITSS - Information Technology,ICITSSITT__BENGALURU_143,0,05/03/2026,25/03/2026,8-0-AM to 2-0-PM,BENGALURU,ICITSS - Information Technology,General,
Southern,BENGALURU,ICITSS - Information Technology,ICITSSITT__BENGALURU_144,0,05/03/2026,25/03/2026,2-0-PM to 8-0-PM,BENGALURU,ICITSS - Information Technology,General,
Northern,CHANDIGARH,ICITSS - Orientation Course,ICITSSOC__CHANDIGARH_50,0,09/03/2026,30/03/2026,1-0-PM to 7-0-PM,CHANDIGARH,ICITSS - Orientation Course,General,
Southern,Alappuzha,ICITSS - Information Technology,ICITSSITT__Alappuzha_32,1,06/03/2026,24/03/2026,10-0-AM to 4-0-PM,Alappuzha,ICITSS - Information Technology,General,27/11/2025
Southern,Alappuzha,ICITSS - Information Technology,ICITSSITT__Alappuzha_33,25,16/04/2026,04/05/2026,10-0-AM to 4-0-PM,Alappuzha,ICITSS - Information Technology,General,15/01/2026
Southern,SIVAKASI,ICITSS - Information Technology,ICITSSITT__SIVAKASI_15,12,23/02/2026,13/03/2026,10-0-AM to 4-0-PM,SIVAKASI,ICITSS - Information Technology,General,18/12/2025
Central,BHILWARA,ICITSS - Orientation Course,ICITSSOC__BHILWARA_19,30,23/02/2026,14/03/2026,10-0-AM to 4-30-PM,BHILWARA,ICITSS - Orientation Course,General,
Central,GWALIOR,ICITSS - Orientation Course,ICITSSOC__GWALIOR_6,44,24/03/2026,14/04/2026,11-0-AM to 5-0-PM,GWALIOR,ICITSS - Orientation Course,General,
Eastern,KOLKATA,ICITSS - Orientation Course,ICITSSOC__KOLKATA_156,0,06/03/2026,24/03/2026,11-0-AM to 5-30-PM,KOLKATA,ICITSS - Orientation Course,General,
Eastern,KOLKATA,ICITSS - Orientation Course,ICITSSOC__KOLKATA_157,0,06/03/2026,24/03/2026,11-0-AM to 5-30-PM,KOLKATA,ICITSS - Orientation Course,General,
Eastern,KOLKATA,ICITSS - Orientation Course,ICITSSOC__KOLKATA_158,0,06/03/2026,24/03/2026,11-0-AM to 5-30-PM,KOLKATA,ICITSS - Orientation Course,General,
Eastern,KOLKATA,ICITSS - Orientation Course,ICITSSOC__KOLKATA_159,15,10/03/2026,28/03/2026,11-0-AM to 5-30-PM,KOLKATA,ICITSS - Orientation Course,General,
Central,JAIPUR,ICITSS - Orientation Course,ICITSSOC__JAIPUR_102,0,25/02/2026,17/03/2026,10-30-AM to 5-0-PM,JAIPUR,ICITSS - Orientation Course,General,
Southern,GUNTUR,ICITSS - Information Technology,ICITSSITT__GUNTUR_48,17,09/03/2026,25/03/2026,1-0-PM to 7-0-PM,GUNTUR,ICITSS - Information Technology,General,03/01/2026
Southern,COIMBATORE,ICITSS - Information Technology,ICITSSITT__COIMBATORE_36,3,26/02/2026,16/03/2026,10-0-AM to 4-0-PM,COIMBATORE,ICITSS - Information Technology,General,01/12/2025
Southern,VIJAYAWADA,ICITSS - Information Technology,ICITSSITT__VIJAYAWADA_50,39,09/03/2026,25/03/2026,1-30-PM to 7-30-PM,VIJAYAWADA,ICITSS - Information Technology,General,17/02/2026
Central,RANCHI,ICITSS - Orientation Course,ICITSSOC__RANCHI_22,27,26/02/2026,17/03/2026,10-30-AM to 5-30-PM,RANCHI,ICITSS - Orientation Course,General,
Southern,VISAKHAPATNAM,ICITSS - Information Technology,ICITSSITT__VISAKHAPATNAM_30,41,11/03/2026,28/03/2026,10-0-AM to 4-0-PM,VISAKHAPATNAM,ICITSS - Information Technology,General,19/02/2026
Western,AHMEDNAGAR,ICITSS - Information Technology,ICITSSITT__AHMEDNAGAR_18,20,07/03/2026,21/03/2026,8-0-AM to 2-0-PM,AHMEDNAGAR,ICITSS - Information Technology,General,22/12/2025
Central,INDORE,ICITSS - Orientation Course,ICITSSOC__INDORE_93,0,23/02/2026,12/03/2026,10-0-AM to 5-0-PM,INDORE,ICITSS - Orientation Course,General,
Northern,Gurugram,ICITSS - Orientation Course,ICITSSOC__Gurugram_66,21,24/02/2026,13/03/2026,9-0-AM to 3-0-PM,Gurugram,ICITSS - Orientation Course,General,
Northern,Gurugram,ICITSS - Orientation Course,ICITSSOC__Gurugram_67,37,02/03/2026,19/03/2026,9-0-AM to 3-0-PM,Gurugram,ICITSS - Orientation Course,General,
Southern,TIRUPATI,ICITSS - Information Technology,ICITSSITT__TIRUPATI_36,20,05/03/2026,25/03/2026,7-0-AM to 1-0-PM,TIRUPATI,ICITSS - Information Technology,General,13/02/2026
Southern,Thiruvananthapuram,ICITSS - Information Technology,ICITSSITT__Thiruvananthapuram_33,4,09/03/2026,31/03/2026,9-0-AM to 3-0-PM,Thiruvananthapuram,ICITSS - Information Technology,General,04/12/2025
Southern,Thiruvananthapuram,ICITSS - Information Technology,ICITSSITT__Thiruvananthapuram_34,32,07/04/2026,30/04/2026,9-0-AM to 3-0-PM,Thiruvananthapuram,ICITSS - Information Technology,General,24/01/2026
Central,PALI,ICITSS - Orientation Course,ICITSSOC__PALI_3,30,06/03/2026,24/03/2026,10-30-AM to 5-0-PM,PALI,ICITSS - Orientation Course,General,
Central,KANPUR,ICITSS - Orientation Course,ICITSSOC__KANPUR_16,0,14/03/2026,31/03/2026,10-0-AM to 5-0-PM,KANPUR,ICITSS - Orientation Course,General,
Central,UDAIPUR,ICITSS - Orientation Course,ICITSSOC__UDAIPUR_27,1,23/02/2026,14/03/2026,8-0-AM to 2-0-PM,UDAIPUR,ICITSS - Orientation Course,General,
Northern,FARIDABAD,ICITSS - Orientation Course,ICITSSOC__FARIDABAD_58,30,06/03/2026,24/03/2026,8-0-AM to 2-0-PM,FARIDABAD,ICITSS - Orientation Course,General,
Southern,ERODE,ICITSS - Orientation Course,ICITSSOC__ERODE_18,10,24/02/2026,10/03/2026,10-0-AM to 4-0-PM,ERODE,ICITSS - Orientation Course,General,
Northern,REWARI,ICITSS - Orientation Course,ICITSSOC__REWARI_22,24,09/03/2026,26/03/2026,10-0-AM to 4-0-PM,REWARI,ICITSS - Orientation Course,General,
Southern,TIRUNELVELI,ICITSS - Information Technology,ICITSSITT__TIRUNELVELI_22,16,09/03/2026,26/03/2026,10-0-AM to 4-0-PM,TIRUNELVELI,ICITSS - Information Technology,General,12/01/2026
Southern,TIRUPUR,ICITSS - Information Technology,ICITSSITT__TIRUPUR_20,3,28/02/2026,14/03/2026,10-0-AM to 4-0-PM,TIRUPUR,ICITSS - Information Technology,General,06/01/2026
Eastern,ASANSOL,ICITSS - Orientation Course,ICITSSOC__ASANSOL_4,50,24/02/2026,17/03/2026,10-30-AM to 5-0-PM,ASANSOL,ICITSS - Orientation Course,General,
Southern,Thrissur,ICITSS - Information Technology,ICITSSITT__Thrissur_24,0,09/03/2026,26/03/2026,10-0-AM to 4-0-PM,Thrissur,ICITSS - Information Technology,General,
Southern,ERNAKULAM,ICITSS - Orientation Course,ICITSSOC__ERNAKULAM_38,1,03/03/2026,19/03/2026,9-30-AM to 4-30-PM,ERNAKULAM,ICITSS - Orientation Course,General,
Northern,HISAR,ICITSS - Orientation Course,ICITSSOC__HISAR_33,1,23/02/2026,13/03/2026,10-0-AM to 5-0-PM,HISAR,ICITSS - Orientation Course,General,
Central,MEERUT,ICITSS - Orientation Course,ICITSSOC__MEERUT_17,18,12/03/2026,30/03/2026,10-0-AM to 4-30-PM,MEERUT,ICITSS - Orientation Course,General,
Central,VARANASI,ICITSS - Orientation Course,ICITSSOC__VARANASI_19,35,27/02/2026,17/03/2026,11-0-AM to 5-0-PM,VARANASI,ICITSS - Orientation Course,General,
Central,KISHANGARH,ICITSS - Orientation Course,ICITSSOC__KISHANGARH_8,33,23/02/2026,13/03/2026,10-0-AM to 4-0-PM,KISHANGARH,ICITSS - Orientation Course,General,
Western,ANAND,ICITSS - Information Technology,ICITSSITT__ANAND_32,13,02/03/2026,18/03/2026,7-0-AM to 1-0-PM,ANAND,ICITSS - Information Technology,General,30/01/2026
Western,ANAND,ICITSS - Information Technology,ICITSSITT__ANAND_33,13,02/03/2026,18/03/2026,1-0-PM to 7-0-PM,ANAND,ICITSS - Information Technology,General,30/01/2026
Western,AMRAVATI,ICITSS - Information Technology,ICITSSITT__AMRAVATI_18,0,21/02/2026,10/03/2026,10-30-AM to 4-30-PM,AMRAVATI,ICITSS - Information Technology,General,
Southern,CHENNAI,ICITSS - Orientation Course,ICITSSOC__CHENNAI_121,0,27/02/2026,16/03/2026,7-0-AM to 1-30-PM,CHENNAI,ICITSS - Orientation Course,General,
Southern,CHENNAI,ICITSS - Orientation Course,ICITSSOC__CHENNAI_122,4,27/02/2026,16/03/2026,1-45-PM to 8-15-PM,CHENNAI,ICITSS - Orientation Course,General,
Southern,CHENNAI,ICITSS - Orientation Course,ICITSSOC__CHENNAI_123,29,27/02/2026,16/03/2026,7-0-AM to 1-30-PM,CHENNAI,ICITSS - Orientation Course,General,
Northern,DELHI,ICITSS - Orientation Course,ICITSSOC__DELHI_285_at P.D. Vihar,7,26/02/2026,17/03/2026,7-45-AM to 1-45-PM,DELHI,ICITSS - Orientation Course,General,
Northern,DELHI,ICITSS - Orientation Course,ICITSSOC__DELHI_287_at Vishwas Nagar,19,26/02/2026,16/03/2026,7-30-AM to 1-30-PM,DELHI,ICITSS - Orientation Course,General,
Northern,DELHI,ICITSS - Orientation Course,ICITSSOC__DELHI_288_at Vishwas Nagar,17,26/02/2026,16/03/2026,2-0-PM to 8-0-PM,DELHI,ICITSS - Orientation Course,General,
Northern,DELHI,ICITSS - Orientation Course,ICITSSOC__DELHI_286_at P.D. Vihar,11,27/02/2026,18/03/2026,2-0-PM to 8-0-PM,DELHI,ICITSS - Orientation Course,General,
Northern,DELHI,ICITSS - Orientation Course,ICITSSOC__DELHI_289_at Pitampura,17,28/02/2026,18/03/2026,7-30-AM to 1-30-PM,DELHI,ICITSS - Orientation Course,General,
Northern,DELHI,ICITSS - Orientation Course,ICITSSOC__DELHI_290_at Vishwas Nagar,37,28/02/2026,18/03/2026,2-0-PM to 8-0-PM,DELHI,ICITSS - Orientation Course,General,
Southern,HYDERABAD,ICITSS - Orientation Course,ICITSSOC__HYDERABAD_116,0,28/02/2026,15/03/2026,7-0-AM to 1-30-PM,HYDERABAD,ICITSS - Orientation Course,General,
Southern,HYDERABAD,ICITSS - Orientation Course,ICITSSOC__HYDERABAD_117,5,28/02/2026,15/03/2026,2-0-PM to 8-30-PM,HYDERABAD,ICITSS - Orientation Course,General,
Southern,KOTTAYAM,ICITSS - Orientation Course,ICITSSOC__KOTTAYAM_15,48,09/03/2026,28/03/2026,10-0-AM to 5-0-PM,KOTTAYAM,ICITSS - Orientation Course,General,
Southern,Chengalpattu,ICITSS - Orientation Course,ICITSSOC__Chengalpattu_32,40,02/03/2026,18/03/2026,1-30-PM to 7-30-PM,Chengalpattu,ICITSS - Orientation Course,General,
Southern,BENGALURU,ICITSS - Orientation Course,ICITSSOC__BENGALURU_173,34,26/02/2026,14/03/2026,7-0-AM to 1-30-PM,BENGALURU,ICITSS - Orientation Course,General,
Southern,BENGALURU,ICITSS - Orientation Course,ICITSSOC__BENGALURU_174,47,26/02/2026,14/03/2026,2-0-PM to 8-30-PM,BENGALURU,ICITSS - Orientation Course,General,
Western,AHMEDABAD,ICITSS - Information Technology,ICITSSITT__AHMEDABAD_196,39,06/03/2026,20/03/2026,7-30-AM to 1-30-PM,AHMEDABAD,ICITSS - Information Technology,General,18/02/2026
Southern,Kozhikode,ICITSS - Orientation Course,ICITSSOC__Kozhikode_32,1,02/03/2026,18/03/2026,10-0-AM to 4-0-PM,Kozhikode,ICITSS - Orientation Course,General,
Southern,Kozhikode,ICITSS - Orientation Course,ICITSSOC__Kozhikode_34,20,23/03/2026,10/04/2026,10-0-AM to 5-0-PM,Kozhikode,ICITSS - Orientation Course,General,
Southern,Alappuzha,ICITSS - Orientation Course,ICITSSOC__Alappuzha_72,25,06/03/2026,24/03/2026,9-30-AM to 4-30-PM,Alappuzha,ICITSS - Orientation Course,General,
Southern,Alappuzha,ICITSS - Orientation Course,ICITSSOC__Alappuzha_73,43,23/03/2026,11/04/2026,9-30-AM to 4-30-PM,Alappuzha,ICITSS - Orientation Course,General,
Southern,Alappuzha,ICITSS - Orientation Course,ICITSSOC__Alappuzha_74,40,10/04/2026,29/04/2026,9-30-AM to 4-30-PM,Alappuzha,ICITSS - Orientation Course,General,
Southern,Alappuzha,ICITSS - Orientation Course,ICITSSOC__Alappuzha_75,40,04/05/2026,20/05/2026,9-30-AM to 4-30-PM,Alappuzha,ICITSS - Orientation Course,General,
Southern,Alappuzha,ICITSS - Orientation Course,ICITSSOC__Alappuzha_76,39,14/05/2026,01/06/2026,9-30-AM to 4-30-PM,Alappuzha,ICITSS - Orientation Course,General,
Southern,KANNUR,ICITSS - Orientation Course,ICITSSOC__KANNUR_22,15,21/02/2026,10/03/2026,10-0-AM to 5-0-PM,KANNUR,ICITSS - Orientation Course,General,
Southern,KANNUR,ICITSS - Orientation Course,ICITSSOC__KANNUR_21,48,08/04/2026,28/04/2026,10-0-AM to 5-0-PM,KANNUR,ICITSS - Orientation Course,General,
Southern,HUBBALLI,ICITSS - Orientation Course,ICITSSOC__HUBBALLI_11,22,24/02/2026,13/03/2026,10-0-AM to 5-0-PM,HUBBALLI,ICITSS - Orientation Course,General,
Southern,SIVAKASI,ICITSS - Orientation Course,ICITSSOC__SIVAKASI_11,7,23/02/2026,13/03/2026,10-0-AM to 5-0-PM,SIVAKASI,ICITSS - Orientation Course,General,
Southern,VIJAYAWADA,ICITSS - Orientation Course,ICITSSOC__VIJAYAWADA_33,1,21/02/2026,07/03/2026,7-0-AM to 1-0-PM,VIJAYAWADA,ICITSS - Orientation Course,General,
Southern,VIJAYAWADA,ICITSS - Orientation Course,ICITSSOC__VIJAYAWADA_34,48,09/03/2026,23/03/2026,7-0-AM to 1-0-PM,VIJAYAWADA,ICITSS - Orientation Course,General,
Southern,Tiruchirapalli,ICITSS - Orientation Course,ICITSSOC__Tiruchirapalli_10,39,18/03/2026,08/04/2026,10-30-AM to 5-30-PM,Tiruchirapalli,ICITSS - Orientation Course,General,
Southern,Thiruvananthapuram,ICITSS - Orientation Course,ICITSSOC__Thiruvananthapuram_21,38,09/03/2026,28/03/2026,10-0-AM to 5-0-PM,Thiruvananthapuram,ICITSS - Orientation Course,General,
Southern,Palakkad,ICITSS - Orientation Course,ICITSSOC__Palakkad_14,49,11/03/2026,28/03/2026,9-30-AM to 4-0-PM,Palakkad,ICITSS - Orientation Course,General,
Southern,GUNTUR,ICITSS - Orientation Course,ICITSSOC__GUNTUR_23,49,10/03/2026,26/03/2026,1-0-AM to 1-0-AM,GUNTUR,ICITSS - Orientation Course,General,
Southern,TIRUPATI,ICITSS - Orientation Course,ICITSSOC__TIRUPATI_36,20,05/03/2026,25/03/2026,2-0-PM to 8-0-PM,TIRUPATI,ICITSS - Orientation Course,General,
Southern,Ballari,ICITSS - Orientation Course,ICITSSOC__Ballari_8,3,23/02/2026,11/03/2026,8-0-AM to 2-0-PM,Ballari,ICITSS - Orientation Course,General,
Southern,TIRUPUR,ICITSS - Orientation Course,ICITSSOC__TIRUPUR_17,3,16/03/2026,30/03/2026,10-0-AM to 5-0-PM,TIRUPUR,ICITSS - Orientation Course,General,
Western,AKOLA,ICITSS - Orientation Course,ICITSSOC__AKOLA_18,20,23/02/2026,12/03/2026,8-0-AM to 2-0-PM,AKOLA,ICITSS - Orientation Course,General,
Southern,UDUPI,ICITSS - Orientation Course,ICITSSOC__UDUPI_15,31,23/02/2026,11/03/2026,9-30-AM to 4-30-PM,UDUPI,ICITSS - Orientation Course,General,
Southern,Thrissur,ICITSS - Orientation Course,ICITSSOC__Thrissur_20,26,02/03/2026,18/03/2026,10-0-AM to 5-0-PM,Thrissur,ICITSS - Orientation Course,General,
Western,AHMEDABAD,ICITSS - Orientation Course,ICITSSOC__AHMEDABAD_177,46,06/03/2026,20/03/2026,7-30-AM to 2-15-PM,AHMEDABAD,ICITSS - Orientation Course,General,
Western,BHAVNAGAR,ICITSS - Orientation Course,ICITSSOC__BHAVNAGAR_14,0,26/02/2026,12/03/2026,8-0-AM to 2-0-PM,BHAVNAGAR,ICITSS - Orientation Course,General,
Western,NASHIK,Advanced (ICITSS) MCS Course,AdvICITSSMCS__NASHIK_17,21,02/03/2026,17/03/2026,10-0-AM to 5-0-PM,NASHIK,Advanced (ICITSS) MCS Course,General,
Western,MUMBAI,Advanced (ICITSS) MCS Course,AdvICITSSMCS__MUMBAI_148,0,02/03/2026,24/03/2026,8-0-AM to 2-0-PM,MUMBAI,Advanced (ICITSS) MCS Course,General,
Western,MUMBAI,Advanced (ICITSS) MCS Course,AdvICITSSMCS__MUMBAI_149,4,02/03/2026,24/03/2026,2-30-PM to 8-30-PM,MUMBAI,Advanced (ICITSS) MCS Course,General,
Western,MUMBAI,Advanced (ICITSS) MCS Course,AdvICITSSMCS__MUMBAI_153,0,02/03/2026,24/03/2026,8-0-AM to 2-0-PM,MUMBAI,Advanced (ICITSS) MCS Course,General,
Western,MUMBAI,Advanced (ICITSS) MCS Course,AdvICITSSMCS__MUMBAI_154,30,16/03/2026,03/04/2026,8-0-AM to 2-0-PM,MUMBAI,Advanced (ICITSS) MCS Course,General,
Western,MUMBAI,Advanced (ICITSS) MCS Course,AdvICITSSMCS__MUMBAI_155,33,16/03/2026,03/04/2026,2-30-PM to 8-30-PM,MUMBAI,Advanced (ICITSS) MCS Course,General,
Western,VAPI,Advanced (ICITSS) MCS Course,AdvICITSSMCS__VAPI_9,47,02/03/2026,17/03/2026,10-0-AM to 4-0-PM,VAPI,Advanced (ICITSS) MCS Course,General,
Western,NAVI MUMBAI,Advanced (ICITSS) MCS Course,AdvICITSSMCS__NAVI MUMBAI_17,46,04/03/2026,21/03/2026,9-0-AM to 4-0-PM,NAVI MUMBAI,Advanced (ICITSS) MCS Course,General,
Western,PUNE,Advanced (ICITSS) MCS Course,AdvICITSSMCS__PUNE_106,0,23/02/2026,11/03/2026,2-0-PM to 8-0-PM,PUNE,Advanced (ICITSS) MCS Course,General,
Western,PUNE,Advanced (ICITSS) MCS Course,AdvICITSSMCS__PUNE_109,0,23/02/2026,11/03/2026,7-30-AM to 1-30-PM,PUNE,Advanced (ICITSS) MCS Course,General,
Western,PUNE,Advanced (ICITSS) MCS Course,AdvICITSSMCS__PUNE_110,0,23/02/2026,11/03/2026,7-30-AM to 1-30-PM,PUNE,Advanced (ICITSS) MCS Course,General,
Western,PUNE,Advanced (ICITSS) MCS Course,AdvICITSSMCS__PUNE_111,0,13/03/2026,31/03/2026,7-30-AM to 1-30-PM,PUNE,Advanced (ICITSS) MCS Course,General,
Western,SURAT,Advanced (ICITSS) MCS Course,AdvICITSSMCS__SURAT_54,0,24/02/2026,16/03/2026,7-30-AM to 2-0-PM,SURAT,Advanced (ICITSS) MCS Course,General,
Western,NAVSARI,Advanced (ICITSS) MCS Course,AdvICITSSMCS__NAVSARI_8,12,26/02/2026,14/03/2026,8-0-AM to 2-0-PM,NAVSARI,Advanced (ICITSS) MCS Course,General,
Western,VASAI,Advanced (ICITSS) MCS Course,AdvICITSSMCS__VASAI_56,0,27/02/2026,17/03/2026,8-0-AM to 2-0-PM,VASAI,Advanced (ICITSS) MCS Course,General,
Western,VASAI,Advanced (ICITSS) MCS Course,AdvICITSSMCS__VASAI_57,32,27/02/2026,17/03/2026,3-0-PM to 9-0-PM,VASAI,Advanced (ICITSS) MCS Course,General,
Western,KalyanDombivli,Advanced (ICITSS) MCS Course,AdvICITSSMCS__KalyanDombivli_36,50,10/03/2026,28/03/2026,8-30-AM to 2-30-PM,KalyanDombivli,Advanced (ICITSS) MCS Course,General,
Western,PIMPRI CHINCHWAD,Advanced (ICITSS) MCS Course,AdvICITSSMCS__PIMPRI CHINCHWAD_36,6,04/03/2026,23/03/2026,8-0-AM to 2-0-PM,PIMPRI CHINCHWAD,Advanced (ICITSS) MCS Course,General,
Western,PIMPRI CHINCHWAD,Advanced (ICITSS) MCS Course,AdvICITSSMCS__PIMPRI CHINCHWAD_38,50,04/03/2026,23/03/2026,2-0-PM to 8-0-PM,PIMPRI CHINCHWAD,Advanced (ICITSS) MCS Course,General,
Western,THANE,Advanced (ICITSS) MCS Course,AdvICITSSMCS__THANE_79,45,10/03/2026,28/03/2026,2-30-PM to 8-30-PM,THANE,Advanced (ICITSS) MCS Course,General,
Western,THANE,Advanced (ICITSS) MCS Course,AdvICITSSMCS__THANE_82,0,10/03/2026,28/03/2026,8-0-AM to 2-0-PM,THANE,Advanced (ICITSS) MCS Course,General,
Western,THANE,Advanced (ICITSS) MCS Course,AdvICITSSMCS__THANE_83,49,11/03/2026,28/03/2026,8-0-AM to 2-0-PM,THANE,Advanced (ICITSS) MCS Course,General,
Western,NAGPUR,AICITSS - Advanced Information Technology,AICITSSAdvITT__NAGPUR_28,0,21/02/2026,11/03/2026,2-0-PM to 8-0-PM,NAGPUR,AICITSS - Advanced Information Technology,General,
Western,MUMBAI,AICITSS - Advanced Information Technology,AICITSSAdvITT__MUMBAI_146,0,02/03/2026,20/03/2026,8-0-AM to 2-0-PM,MUMBAI,AICITSS - Advanced Information Technology,General,
Western,MUMBAI,AICITSS - Advanced Information Technology,AICITSSAdvITT__MUMBAI_147,7,02/03/2026,20/03/2026,2-30-PM to 8-30-PM,MUMBAI,AICITSS - Advanced Information Technology,General,12/02/2026
Western,Vadodara,AICITSS - Advanced Information Technology,AICITSSAdvITT__Vadodara_26,4,25/03/2026,10/04/2026,8-0-AM to 2-0-PM,Vadodara,AICITSS - Advanced Information Technology,General,14/02/2026
Western,NAVI MUMBAI,AICITSS - Advanced Information Technology,AICITSSAdvITT__NAVI MUMBAI_18,18,16/03/2026,03/04/2026,8-0-AM to 2-0-PM,NAVI MUMBAI,AICITSS - Advanced Information Technology,General,16/02/2026
Western,PUNE,AICITSS - Advanced Information Technology,AICITSSAdvITT__PUNE_109,0,12/03/2026,28/03/2026,7-0-AM to 1-0-PM,PUNE,AICITSS - Advanced Information Technology,General,
Western,PUNE,AICITSS - Advanced Information Technology,AICITSSAdvITT__PUNE_110,0,12/03/2026,28/03/2026,2-0-PM to 8-0-PM,PUNE,AICITSS - Advanced Information Technology,General,
Western,SURAT,AICITSS - Advanced Information Technology,AICITSSAdvITT__SURAT_74,0,24/02/2026,16/03/2026,2-30-PM to 8-30-PM,SURAT,AICITSS - Advanced Information Technology,General,
Western,LATUR,AICITSS - Advanced Information Technology,AICITSSAdvITT__LATUR_2,20,25/02/2026,11/03/2026,8-0-AM to 2-0-PM,LATUR,AICITSS - Advanced Information Technology,General,11/02/2026
Western,KalyanDombivli,AICITSS - Advanced Information Technology,AICITSSAdvITT__KalyanDombivli_30_Mor DOM,21,18/03/2026,09/04/2026,8-0-AM to 2-0-PM,KalyanDombivli,AICITSS - Advanced Information Technology,General,05/01/2026
Western,VASAI,AICITSS - Advanced Information Technology,AICITSSAdvITT__VASAI_72,0,04/03/2026,18/03/2026,7-30-AM to 1-30-PM,VASAI,AICITSS - Advanced Information Technology,General,
Western,VASAI,AICITSS - Advanced Information Technology,AICITSSAdvITT__VASAI_73,0,04/03/2026,18/03/2026,2-30-PM to 8-30-PM,VASAI,AICITSS - Advanced Information Technology,General,
Western,VASAI,AICITSS - Advanced Information Technology,AICITSSAdvITT__VASAI_74,31,20/03/2026,04/04/2026,7-30-AM to 1-30-PM,VASAI,AICITSS - Advanced Information Technology,General,18/02/2026
Western,VASAI,AICITSS - Advanced Information Technology,AICITSSAdvITT__VASAI_75,42,20/03/2026,04/04/2026,2-30-PM to 8-30-PM,VASAI,AICITSS - Advanced Information Technology,General,18/02/2026
Western,PIMPRI CHINCHWAD,AICITSS - Advanced Information Technology,AICITSSAdvITT__PIMPRI CHINCHWAD_32,0,28/02/2026,18/03/2026,8-0-AM to 2-0-PM,PIMPRI CHINCHWAD,AICITSS - Advanced Information Technology,General,
Western,SOLAPUR,AICITSS - Advanced Information Technology,AICITSSAdvITT__SOLAPUR_7,13,05/03/2026,19/03/2026,8-0-AM to 2-0-PM,SOLAPUR,AICITSS - Advanced Information Technology,General,11/07/2025
Western,MUMBAI,ICITSS - Information Technology,ICITSSITT__MUMBAI_228,5,02/03/2026,20/03/2026,8-0-AM to 2-0-PM,MUMBAI,ICITSS - Information Technology,General,24/01/2026
Western,MUMBAI,ICITSS - Information Technology,ICITSSITT__MUMBAI_229,0,02/03/2026,20/03/2026,2-30-PM to 8-30-PM,MUMBAI,ICITSS - Information Technology,General,
Western,THANE,AICITSS - Advanced Information Technology,AICITSSAdvITT__THANE_48,12,09/03/2026,27/03/2026,8-0-AM to 2-0-PM,THANE,AICITSS - Advanced Information Technology,General,11/04/2025
Western,THANE,AICITSS - Advanced Information Technology,AICITSSAdvITT__THANE_50,47,09/03/2026,27/03/2026,2-30-PM to 8-30-PM,THANE,AICITSS - Advanced Information Technology,General,01/04/2025
Western,THANE,AICITSS - Advanced Information Technology,AICITSSAdvITT__THANE_56,45,28/03/2026,17/04/2026,8-0-AM to 2-0-PM,THANE,AICITSS - Advanced Information Technology,General,23/04/2025
Western,THANE,AICITSS - Advanced Information Technology,AICITSSAdvITT__THANE_64,47,28/03/2026,17/04/2026,2-30-PM to 8-30-PM,THANE,AICITSS - Advanced Information Technology,General,26/03/2025
Western,THANE,AICITSS - Advanced Information Technology,AICITSSAdvITT__THANE_82,47,18/04/2026,06/05/2026,8-0-AM to 2-0-PM,THANE,AICITSS - Advanced Information Technology,General,26/02/2025
Western,THANE,AICITSS - Advanced Information Technology,AICITSSAdvITT__THANE_94,50,18/04/2026,06/05/2026,2-30-PM to 8-30-PM,THANE,AICITSS - Advanced Information Technology,General,23/08/2025
Western,NASHIK,ICITSS - Information Technology,ICITSSITT__NASHIK_41,4,09/03/2026,25/03/2026,2-0-PM to 8-0-PM,NASHIK,ICITSS - Information Technology,General,05/01/2026
Western,NAVI MUMBAI,ICITSS - Information Technology,ICITSSITT__NAVI MUMBAI_43,20,16/03/2026,03/04/2026,2-15-PM to 8-15-PM,NAVI MUMBAI,ICITSS - Information Technology,General,16/02/2026
Western,Vadodara,ICITSS - Information Technology,ICITSSITT__Vadodara_48,0,02/03/2026,19/03/2026,2-0-PM to 8-0-PM,Vadodara,ICITSS - Information Technology,General,
Western,Vadodara,ICITSS - Information Technology,ICITSSITT__Vadodara_49,0,02/03/2026,19/03/2026,8-0-AM to 2-0-PM,Vadodara,ICITSS - Information Technology,General,
Western,Vadodara,ICITSS - Information Technology,ICITSSITT__Vadodara_50,4,25/03/2026,10/04/2026,2-0-PM to 8-0-PM,Vadodara,ICITSS - Information Technology,General,14/02/2026
Western,SURAT,ICITSS - Information Technology,ICITSSITT__SURAT_111,0,24/02/2026,16/03/2026,8-0-AM to 2-0-PM,SURAT,ICITSS - Information Technology,General,
Western,SURAT,ICITSS - Information Technology,ICITSSITT__SURAT_112,0,24/02/2026,16/03/2026,8-0-AM to 2-0-PM,SURAT,ICITSS - Information Technology,General,
Western,SURAT,ICITSS - Information Technology,ICITSSITT__SURAT_113,0,24/02/2026,16/03/2026,2-30-PM to 8-30-PM,SURAT,ICITSS - Information Technology,General,
Western,NAVSARI,ICITSS - Information Technology,ICITSSITT__NAVSARI_17,14,05/03/2026,20/03/2026,8-0-AM to 2-0-PM,NAVSARI,ICITSS - Information Technology,General,31/01/2026
Western,PUNE,ICITSS - Information Technology,ICITSSITT__PUNE_111,0,23/02/2026,10/03/2026,7-0-AM to 1-0-PM,PUNE,ICITSS - Information Technology,General,
Western,PUNE,ICITSS - Information Technology,ICITSSITT__PUNE_112,0,23/02/2026,10/03/2026,2-0-PM to 8-0-PM,PUNE,ICITSS - Information Technology,General,
Western,PUNE,ICITSS - Information Technology,ICITSSITT__PUNE_113,0,10/03/2026,25/03/2026,7-0-AM to 1-0-PM,PUNE,ICITSS - Information Technology,General,
Western,KalyanDombivli,ICITSS - Information Technology,ICITSSITT__KalyanDombivli_85,23,04/03/2026,20/03/2026,2-0-PM to 8-0-PM,KalyanDombivli,ICITSS - Information Technology,General,04/01/2026
Western,KalyanDombivli,ICITSS - Information Technology,ICITSSITT__KalyanDombivli_83_Eve DOM,28,17/03/2026,08/04/2026,2-0-PM to 8-0-PM,KalyanDombivli,ICITSS - Information Technology,General,30/12/2025
Western,KalyanDombivli,ICITSS - Information Technology,ICITSSITT__KalyanDombivli_84_Mor DOM,30,18/03/2026,09/04/2026,8-0-AM to 2-0-PM,KalyanDombivli,ICITSS - Information Technology,General,30/12/2025
Western,VASAI,ICITSS - Information Technology,ICITSSITT__VASAI_84,17,04/03/2026,18/03/2026,7-30-AM to 1-30-PM,VASAI,ICITSS - Information Technology,General,23/01/2026
Western,VASAI,ICITSS - Information Technology,ICITSSITT__VASAI_85,11,04/03/2026,18/03/2026,2-30-PM to 8-30-PM,VASAI,ICITSS - Information Technology,General,23/01/2026
Western,PIMPRI CHINCHWAD,ICITSS - Information Technology,ICITSSITT__PIMPRI CHINCHWAD_56,0,04/03/2026,23/03/2026,2-0-PM to 8-0-PM,PIMPRI CHINCHWAD,ICITSS - Information Technology,General,
Western,MUMBAI,ICITSS - Orientation Course,ICITSSOC__MUMBAI_172,0,02/03/2026,20/03/2026,8-0-AM to 2-0-PM,MUMBAI,ICITSS - Orientation Course,General,
Western,MUMBAI,ICITSS - Orientation Course,ICITSSOC__MUMBAI_173,0,02/03/2026,20/03/2026,2-30-PM to 8-30-PM,MUMBAI,ICITSS - Orientation Course,General,
Western,MUMBAI,ICITSS - Orientation Course,ICITSSOC__MUMBAI_174,27,02/03/2026,20/03/2026,8-0-AM to 2-0-PM,MUMBAI,ICITSS - Orientation Course,General,
Western,NASHIK,ICITSS - Orientation Course,ICITSSOC__NASHIK_33,37,24/02/2026,11/03/2026,10-0-AM to 5-0-PM,NASHIK,ICITSS - Orientation Course,General,
Western,VAPI,ICITSS - Orientation Course,ICITSSOC__VAPI_9,45,19/03/2026,06/04/2026,10-0-AM to 4-0-PM,VAPI,ICITSS - Orientation Course,General,
Western,THANE,ICITSS - Information Technology,ICITSSITT__THANE_98,27,05/03/2026,23/03/2026,8-0-AM to 2-0-PM,THANE,ICITSS - Information Technology,General,09/12/2025
Western,THANE,ICITSS - Information Technology,ICITSSITT__THANE_99,14,05/03/2026,23/03/2026,2-30-PM to 8-30-PM,THANE,ICITSS - Information Technology,General,09/12/2025
Western,JALGAON,ICITSS - Orientation Course,ICITSSOC__JALGAON_10,50,21/02/2026,08/03/2026,8-0-AM to 2-30-PM,JALGAON,ICITSS - Orientation Course,General,
Western,SURAT,ICITSS - Orientation Course,ICITSSOC__SURAT_85,0,24/02/2026,19/03/2026,7-30-AM to 2-0-PM,SURAT,ICITSS - Orientation Course,General,
Western,SURAT,ICITSS - Orientation Course,ICITSSOC__SURAT_86,0,24/02/2026,19/03/2026,2-30-PM to 9-0-PM,SURAT,ICITSS - Orientation Course,General,
Western,PUNE,ICITSS - Orientation Course,ICITSSOC__PUNE_129,0,23/02/2026,11/03/2026,7-30-AM to 1-30-PM,PUNE,ICITSS - Orientation Course,General,
Western,PUNE,ICITSS - Orientation Course,ICITSSOC__PUNE_130,25,23/02/2026,11/03/2026,2-0-PM to 8-0-PM,PUNE,ICITSS - Orientation Course,General,
Western,PUNE,ICITSS - Orientation Course,ICITSSOC__PUNE_131,39,13/03/2026,31/03/2026,7-30-AM to 1-30-PM,PUNE,ICITSS - Orientation Course,General,
Western,VASAI,ICITSS - Orientation Course,ICITSSOC__VASAI_97,31,27/02/2026,17/03/2026,8-0-AM to 2-0-PM,VASAI,ICITSS - Orientation Course,General,
Western,VASAI,ICITSS - Orientation Course,ICITSSOC__VASAI_98,35,27/02/2026,17/03/2026,3-0-PM to 9-0-PM,VASAI,ICITSS - Orientation Course,General,
Western,Vadodara,ICITSS - Orientation Course,ICITSSOC__Vadodara_40,0,27/02/2026,15/03/2026,11-0-AM to 5-0-PM,Vadodara,ICITSS - Orientation Course,General,
Western,Vadodara,ICITSS - Orientation Course,ICITSSOC__Vadodara_41,38,28/02/2026,16/03/2026,11-0-AM to 5-0-PM,Vadodara,ICITSS - Orientation Course,General,
Western,PIMPRI CHINCHWAD,ICITSS - Orientation Course,ICITSSOC__PIMPRI CHINCHWAD_81,50,04/03/2026,23/03/2026,8-0-AM to 2-0-PM,PIMPRI CHINCHWAD,ICITSS - Orientation Course,General,
Western,PIMPRI CHINCHWAD,ICITSS - Orientation Course,ICITSSOC__PIMPRI CHINCHWAD_82,49,04/03/2026,23/03/2026,2-0-PM to 8-0-PM,PIMPRI CHINCHWAD,ICITSS - Orientation Course,General,
Western,KalyanDombivli,ICITSS - Orientation Course,ICITSSOC__KalyanDombivli_78,46,11/03/2026,30/03/2026,8-30-AM to 2-30-PM,KalyanDombivli,ICITSS - Orientation Course,General,
Western,SOLAPUR,ICITSS - Orientation Course,ICITSSOC__SOLAPUR_6,45,26/02/2026,12/03/2026,7-0-AM to 1-0-PM,SOLAPUR,ICITSS - Orientation Course,General,
Western,THANE,ICITSS - Orientation Course,ICITSSOC__THANE_97,50,10/03/2026,28/03/2026,8-0-AM to 2-0-PM,THANE,ICITSS - Orientation Course,General,
Western,THANE,ICITSS - Orientation Course,ICITSSOC__THANE_101,46,10/03/2026,28/03/2026,2-30-PM to 8-30-PM,THANE,ICITSS - Orientation Course,General,
